<?xml version="1.0" encoding="UTF-8"?>
<project-private xmlns="http://www.netbeans.org/ns/project-private/1">
    <editor-bookmarks xmlns="http://www.netbeans.org/ns/editor-bookmarks/2" lastBookmarkId="0"/>
    <open-files xmlns="http://www.netbeans.org/ns/projectui-open-files/2">
        <group>
            <file>file:/E:/OSPanel/domains/localhost/fraqbasic/web/css/site.css</file>
            <file>file:/E:/OSPanel/domains/localhost/fraqbasic/views/site/getstart.php</file>
            <file>file:/E:/OSPanel/domains/localhost/fraqbasic/controllers/SiteController.php</file>
            <file>file:/E:/OSPanel/domains/localhost/fraqbasic/assets/AppAsset.php</file>
        </group>
    </open-files>
</project-private>
